Claim Number,Claim ID,Patient ID,Claim Type Code,Type of Claim,EOB type,Claim Record Type Code,Type of Claim Record,Service Start Date,Service End Date,Procedure 1 Code,Procedure 1 Type,Service 1 Code,Service 1 Type,Procedure 2 Code,Procedure 2 Type,Service 2 Code,Service 2 Type,Procedure 3 Code,Procedure 3 Type,Service 3 Code,Service 3 Type,Procedure 4 Code,Procedure 4 Type,Service 4 Code,Service 4 Type,Procedure 5 Code,Procedure 5 Type,Service 5 Code,Service 5 Type,Procedure 6 Code,Procedure 6 Type,Service 6 Code,Service 6 Type,Provider 1 Type Code,Provider 1 Type,Provider 2 Type Code,Provider 2 Type,Provider 3 Type Code,Provider 3 Type,Provider 4 Type Code,Provider 4 Type,Provider 5 Type Code,Provider 5 Type,Provider 6 Type Code,Provider 6 Type,Main Provider ID,Provider Role Code,Provider Role,Provider Qualification,Place of Service 1 Code,Place of Service 1,State 1 Code,State 1,ZIP Code 1,Locality Code 1,Place of Service 2 Code,Place of Service 2,State 2 Code,State 2,ZIP Code 2,Locality Code 2,Place of Service 3 Code,Place of Service 3,State 3 Code,State 3,ZIP Code 3,Locality Code 3,Place of Service 4 Code,Place of Service 4,State 4 Code,State 4,ZIP Code 4,Locality Code 4,Place of Service 5 Code,Place of Service 5,State 5 Code,State 5,ZIP Code 5,Locality Code 5,Place of Service 6 Code,Place of Service 6,State 6 Code,State 6,ZIP Code 6,Locality Code 6,Submitted Charges 1,Allowed Charges 1,Submitted Charges 2,Allowed Charges 2,Submitted Charges 3,Allowed Charges 3,Submitted Charges 4,Allowed Charges 4,Submitted Charges 5,Allowed Charges 5,Submitted Charges 6,Allowed Charges 6,Total Submitted Charges,Total Allowed Charges,Diagnosis 1 Code,Diagnosis 1,Diagnosis 2 Code,Diagnosis 2,Diagnosis 3 Code,Diagnosis 3,Diagnosis 4 Code,Diagnosis 4,Diagnosis 5 Code,Diagnosis 5
1,carrier-20587716665,20140000008325,71,"Local carrier non-durable medical equipment, prosthetics, orthotics, and supplies (DMEPOS) claim",CARRIER,O,Part B physician/supplier claim record (processed by local carriers; can include DMEPOS services),2014-03-01,2014-03-01,M1B,Office visits - established,1,Medical care,Z2,Undefined codes,1,Medical care,Z2,Undefined codes,1,Medical care,M5D,Specialist - other,1,Medical care,M5D,Specialist - other,1,Medical care,Z2,Undefined codes,1,Medical care,1,Physicians or suppliers reporting as solo practitioners,1,Physicians or suppliers reporting as solo practitioners,1,Physicians or suppliers reporting as solo practitioners,1,Physicians or suppliers reporting as solo practitioners,1,Physicians or suppliers reporting as solo practitioners,1,Physicians or suppliers reporting as solo practitioners,999999999999,primary,Primary provider,999,99,Other Place of Service. Other place of service not identified above.,99,With 000 county code is American Samoa; otherwise unknown,999999999,99,99,Other Place of Service. Other place of service not identified above.,99,With 000 county code is American Samoa; otherwise unknown,999999999,99,99,Other Place of Service. Other place of service not identified above.,99,With 000 county code is American Samoa; otherwise unknown,999999999,99,99,Other Place of Service. Other place of service not identified above.,99,With 000 county code is American Samoa; otherwise unknown,999999999,99,99,Other Place of Service. Other place of service not identified above.,99,With 000 county code is American Samoa; otherwise unknown,999999999,99,99,Other Place of Service. Other place of service not identified above.,99,With 000 county code is American Samoa; otherwise unknown,999999999,99,150.0 USD,100.0 USD,0.0 USD,0.0 USD,0.0 USD,0.0 USD,0.0 USD,0.0 USD,0.0 USD,0.0 USD,0.0 USD,0.0 USD,150.0 USD,100.0 USD,25072,DMII CIRC UNCNTRLD (principal diagnosis),41400,COR ATH UNSP VSL NTV/GFT,4439,PERIPH VASCULAR DIS NOS,40290,HYP HRT DIS NOS W/O HF,9999999,empty,empty,empty
2,carrier-20707791705,20140000008325,71,"Local carrier non-durable medical equipment, prosthetics, orthotics, and supplies (DMEPOS) claim",CARRIER,O,Part B physician/supplier claim record (processed by local carriers; can include DMEPOS services),2014-03-01,2014-03-01,M1B,Office visits - established,1,Medical care,P6B,Minor procedures - musculoskeletal,2,Surgery,O1E,Other drugs,1,Medical care,empty,empty,empty,empty,empty,empty,empty,empty,empty,empty,empty,empty,1,Physicians or suppliers reporting as solo practitioners,1,Physicians or suppliers reporting as solo practitioners,1,Physicians or suppliers reporting as solo practitioners,empty,empty,empty,empty,empty,empty,999999999999,primary,Primary provider,999,99,Other Place of Service. Other place of service not identified above.,99,With 000 county code is American Samoa; otherwise unknown,999999999,99,99,Other Place of Service. Other place of service not identified above.,99,With 000 county code is American Samoa; otherwise unknown,999999999,99,99,Other Place of Service. Other place of service not identified above.,99,With 000 county code is American Samoa; otherwise unknown,999999999,99,empty,empty,empty,empty,empty,empty,empty,empty,empty,empty,empty,empty,empty,empty,empty,empty,empty,empty,200.0 USD,100.0 USD,150.0 USD,60.0 USD,20.0 USD,10.0 USD,empty,empty,empty,empty,empty,empty,350.0 USD,150.0 USD,72703,TRIGGER FINGER (principal diagnosis),9999999,empty,empty,empty,empty,empty,empty,empty,empty,empty
3,carrier-20945302182,20140000008325,71,"Local carrier non-durable medical equipment, prosthetics, orthotics, and supplies (DMEPOS) claim",CARRIER,O,Part B physician/supplier claim record (processed by local carriers; can include DMEPOS services),2014-05-01,2014-05-01,T1G,Lab tests - other (Medicare fee schedule),5,Diagnostic laboratory,empty,empty,empty,empty,empty,empty,empty,empty,empty,empty,empty,empty,empty,empty,empty,empty,empty,empty,empty,empty,5,Clinics (multiple specialties),empty,empty,empty,empty,empty,empty,empty,empty,empty,empty,999999999999,primary,Primary provider,999,99,Other Place of Service. Other place of service not identified above.,99,With 000 county code is American Samoa; otherwise unknown,999999999,99,empty,empty,empty,empty,empty,empty,empty,empty,empty,empty,empty,empty,empty,empty,empty,empty,empty,empty,empty,empty,empty,empty,empty,empty,empty,empty,empty,empty,empty,empty,150.0 USD,70.0 USD,empty,empty,empty,empty,empty,empty,empty,empty,empty,empty,150.0 USD,70.0 USD,1724,MAL MELANOMA SCALP/NECK (principal diagnosis),9999999,empty,empty,empty,empty,empty,empty,empty,empty,empty
4,carrier-20956105907,20140000008325,71,"Local carrier non-durable medical equipment, prosthetics, orthotics, and supplies (DMEPOS) claim",CARRIER,O,Part B physician/supplier claim record (processed by local carriers; can include DMEPOS services),2014-05-01,2014-05-01,M1A,Office visits - new,1,Medical care,P6A,Minor procedures - skin,2,Surgery,empty,empty,empty,empty,empty,empty,empty,empty,empty,empty,empty,empty,empty,empty,empty,empty,1,Physicians or suppliers reporting as solo practitioners,1,Physicians or suppliers reporting as solo practitioners,empty,empty,empty,empty,empty,empty,empty,empty,999999999999,primary,Primary provider,999,99,Other Place of Service. Other place of service not identified above.,99,With 000 county code is American Samoa; otherwise unknown,999999999,99,99,Other Place of Service. Other place of service not identified above.,99,With 000 county code is American Samoa; otherwise unknown,999999999,99,empty,empty,empty,empty,empty,empty,empty,empty,empty,empty,empty,empty,empty,empty,empty,empty,empty,empty,empty,empty,empty,empty,empty,empty,100.0 USD,70.0 USD,150.0 USD,100.0 USD,empty,empty,empty,empty,empty,empty,empty,empty,250.0 USD,150.0 USD,2382,UNC BEHAV NEO SKIN (principal diagnosis),70909,OTHER DYSCHROMIA,2165,BENIGN NEO SKIN TRUNK,9999999,empty,empty,empty,empty,empty
5,carrier-20956105914,20140000008325,71,"Local carrier non-durable medical equipment, prosthetics, orthotics, and supplies (DMEPOS) claim",CARRIER,O,Part B physician/supplier claim record (processed by local carriers; can include DMEPOS services),2014-06-01,2014-06-01,P5A,Ambulatory procedures - skin,2,Surgery,P5A,Ambulatory procedures - skin,2,Surgery,P6B,Minor procedures - musculoskeletal,2,Surgery,empty,empty,empty,empty,empty,empty,empty,empty,empty,empty,empty,empty,1,Physicians or suppliers reporting as solo practitioners,1,Physicians or suppliers reporting as solo practitioners,1,Physicians or suppliers reporting as solo practitioners,empty,empty,empty,empty,empty,empty,999999999999,primary,Primary provider,999,99,Other Place of Service. Other place of service not identified above.,99,With 000 county code is American Samoa; otherwise unknown,999999999,99,99,Other Place of Service. Other place of service not identified above.,99,With 000 county code is American Samoa; otherwise unknown,999999999,99,99,Other Place of Service. Other place of service not identified above.,99,With 000 county code is American Samoa; otherwise unknown,999999999,99,empty,empty,empty,empty,empty,empty,empty,empty,empty,empty,empty,empty,empty,empty,empty,empty,empty,empty,400.0 USD,150.0 USD,800.0 USD,450.0 USD,200.0 USD,150.0 USD,empty,empty,empty,empty,empty,empty,1000.0 USD,750.0 USD,1724,MAL MELANOMA SCALP/NECK (principal diagnosis),9999999,empty,empty,empty,empty,empty,empty,empty,empty,empty
6,carrier-20989445930,20140000008325,71,"Local carrier non-durable medical equipment, prosthetics, orthotics, and supplies (DMEPOS) claim",CARRIER,O,Part B physician/supplier claim record (processed by local carriers; can include DMEPOS services),2014-06-01,2014-06-01,T1G,Lab tests - other (Medicare fee schedule),5,Diagnostic laboratory,empty,empty,empty,empty,empty,empty,empty,empty,empty,empty,empty,empty,empty,empty,empty,empty,empty,empty,empty,empty,5,Clinics (multiple specialties),empty,empty,empty,empty,empty,empty,empty,empty,empty,empty,999999999999,primary,Primary provider,999,99,Other Place of Service. Other place of service not identified above.,99,With 000 county code is American Samoa; otherwise unknown,999999999,99,empty,empty,empty,empty,empty,empty,empty,empty,empty,empty,empty,empty,empty,empty,empty,empty,empty,empty,empty,empty,empty,empty,empty,empty,empty,empty,empty,empty,empty,empty,150.0 USD,70.0 USD,empty,empty,empty,empty,empty,empty,empty,empty,empty,empty,150.0 USD,70.0 USD,7092,SCAR & FIBROSIS OF SKIN (principal diagnosis),9999999,empty,empty,empty,empty,empty,empty,empty,empty,empty
7,carrier-21126565981,20140000008325,71,"Local carrier non-durable medical equipment, prosthetics, orthotics, and supplies (DMEPOS) claim",CARRIER,O,Part B physician/supplier claim record (processed by local carriers; can include DMEPOS services),2014-07-01,2014-07-01,I1A,Standard imaging - chest,4,Diagnostic radiology,empty,empty,empty,empty,empty,empty,empty,empty,empty,empty,empty,empty,empty,empty,empty,empty,empty,empty,empty,empty,1,Physicians or suppliers reporting as solo practitioners,empty,empty,empty,empty,empty,empty,empty,empty,empty,empty,999999999999,primary,Primary provider,999,99,Other Place of Service. Other place of service not identified above.,99,With 000 county code is American Samoa; otherwise unknown,999999999,99,empty,empty,empty,empty,empty,empty,empty,empty,empty,empty,empty,empty,empty,empty,empty,empty,empty,empty,empty,empty,empty,empty,empty,empty,empty,empty,empty,empty,empty,empty,10.0 USD,10.0 USD,empty,empty,empty,empty,empty,empty,empty,empty,empty,empty,10.0 USD,10.0 USD,1724,MAL MELANOMA SCALP/NECK (principal diagnosis),9999999,empty,empty,empty,empty,empty,empty,empty,empty,empty
8,carrier-21366012370,20140000008325,71,"Local carrier non-durable medical equipment, prosthetics, orthotics, and supplies (DMEPOS) claim",CARRIER,O,Part B physician/supplier claim record (processed by local carriers; can include DMEPOS services),2014-10-01,2014-10-01,T1B,Lab tests - automated general profiles,5,Diagnostic laboratory,T1H,Lab tests - other (non-Medicare fee schedule),5,Diagnostic laboratory,empty,empty,empty,empty,empty,empty,empty,empty,empty,empty,empty,empty,empty,empty,empty,empty,0,"Clinics, groups, associations, partnerships, or other entities",0,"Clinics, groups, associations, partnerships, or other entities",empty,empty,empty,empty,empty,empty,empty,empty,999999999999,primary,Primary provider,999,99,Other Place of Service. Other place of service not identified above.,99,With 000 county code is American Samoa; otherwise unknown,999999999,99,99,Other Place of Service. Other place of service not identified above.,99,With 000 county code is American Samoa; otherwise unknown,999999999,99,empty,empty,empty,empty,empty,empty,empty,empty,empty,empty,empty,empty,empty,empty,empty,empty,empty,empty,empty,empty,empty,empty,empty,empty,30.0 USD,10.0 USD,50.0 USD,10.0 USD,empty,empty,empty,empty,empty,empty,empty,empty,80.0 USD,20.0 USD,25002,DMII WO CMP UNCNTRLD (principal diagnosis),9999999,empty,empty,empty,empty,empty,empty,empty,empty,empty
9,carrier-21513766042,20140000008325,71,"Local carrier non-durable medical equipment, prosthetics, orthotics, and supplies (DMEPOS) claim",CARRIER,O,Part B physician/supplier claim record (processed by local carriers; can include DMEPOS services),2014-12-01,2014-12-01,M1B,Office visits - established,1,Medical care,empty,empty,empty,empty,empty,empty,empty,empty,empty,empty,empty,empty,empty,empty,empty,empty,empty,empty,empty,empty,1,Physicians or suppliers reporting as solo practitioners,empty,empty,empty,empty,empty,empty,empty,empty,empty,empty,999999999999,primary,Primary provider,999,99,Other Place of Service. Other place of service not identified above.,99,With 000 county code is American Samoa; otherwise unknown,999999999,99,empty,empty,empty,empty,empty,empty,empty,empty,empty,empty,empty,empty,empty,empty,empty,empty,empty,empty,empty,empty,empty,empty,empty,empty,empty,empty,empty,empty,empty,empty,150.0 USD,100.0 USD,empty,empty,empty,empty,empty,empty,empty,empty,empty,empty,150.0 USD,100.0 USD,49391,ASTHMA W STATUS ASTHMAT (principal diagnosis),9999999,empty,empty,empty,empty,empty,empty,empty,empty,empty
10,carrier-21856079985,20140000008325,71,"Local carrier non-durable medical equipment, prosthetics, orthotics, and supplies (DMEPOS) claim",CARRIER,O,Part B physician/supplier claim record (processed by local carriers; can include DMEPOS services),2015-03-01,2015-03-01,T1A,Lab tests - routine venipuncture (non-Medicare fee schedule),5,Diagnostic laboratory,empty,empty,empty,empty,empty,empty,empty,empty,empty,empty,empty,empty,empty,empty,empty,empty,empty,empty,empty,empty,1,Physicians or suppliers reporting as solo practitioners,empty,empty,empty,empty,empty,empty,empty,empty,empty,empty,999999999999,primary,Primary provider,999,99,Other Place of Service. Other place of service not identified above.,99,With 000 county code is American Samoa; otherwise unknown,999999999,99,empty,empty,empty,empty,empty,empty,empty,empty,empty,empty,empty,empty,empty,empty,empty,empty,empty,empty,empty,empty,empty,empty,empty,empty,empty,empty,empty,empty,empty,empty,10.0 USD,0.0 USD,empty,empty,empty,empty,empty,empty,empty,empty,empty,empty,10.0 USD,0.0 USD,2449,HYPOTHYROIDISM NOS (principal diagnosis),78079,MALAISE AND FATIGUE NEC,9999999,empty,empty,empty,empty,empty,empty,empty
